Stem,Word
día,día
pido,pido
hatr,hatred
pide,pide
yellow,yellow
four,four
sleev,sleeve
sleep,sleep
thirst,thirst
upsid,upside
captain,captain
hate,hate
yonder,yonder
villag,village
request,request
otro,otro
whose,whose
accus,accused
pardon,pardon
auf,auf
spin,spinning
sorri,sorry
sweetest,sweetest
otra,otra
igual,igual
aus,aus
concret,concrete
certain,certain
buddi,buddy
daze,daze
under,under
tai,tai
lord,lord
pride,pride
sway,sway
worth,worth
lonesom,lonesome
digit,digital
callin,callin'
everi,every
risk,risk
neue,neue
void,void
rise,rise
lurk,lurking
voic,voice
distort,distorted
risa,risa
olvidart,olvidarte
smack,smack
georgia,georgia
jack,jack
voix,voix
govern,government
affect,affection
voit,voit
ala,alas
voir,voir
vast,vast
elvi,elvis
school,school
prize,prize
daydream,daydream
wooden,wooden
ref,ref:
factori,factory
oooo,oooo
haben,haben
nacht,nacht
oooh,oooh
niño,niño
venus,venus
blick,blick
upp,upp
hora,hora
chew,chew
fuera,fuera
again,again
naiv,naive
chez,chez
direct,direction
horn,horn
nail,nails
consequ,consequence
second,second
street,street
sooth,soothe
olvida,olvida
fuert,fuerte
n,n
illumin,illuminate
even,even
nel,nel
nem,nem
hide,hide
christ,christ
wreck,wreck
thunder,thunder
amus,amused
asid,aside
lightn,lightning
poison,poison
muer,muere
kun,kun
haze,haze
fuerza,fuerza
toll,toll
upset,upset
new,new
net,net
ever,ever
liberti,liberty
told,told
med,med
meg,meg
manipul,manipulate
hero,hero
sobr,sobre
oscuridad,oscuridad
così,così
never,never
here,here
meu,meu
met,met
jaurai,j'aurais
nicht,nicht
china,china
smokin,smokin'
mes,mes
mer,mer
path,path
100,100
pleasur,pleasure
half,half
gli,gli
tant,tant
daughter,daughter
ska,ska
anymor,anymore
robin,robin
dri,dry
jame,james
resto,resto
cradl,cradle
smoke,smoke
zombi,zombie
studi,study
fui,fui
counti,county
golden,golden
stray,stray
ecstasi,ecstasy
também,também
solament,solamente
tempt,tempted
seven,seven
strap,strapped
brought,brought
qui,qui
attitud,attitude
toujour,toujours
moral,moral
hollow,hollow
outra,outra
stern,stern
hablar,hablar
total,total
unit,united
plot,plot
symphoni,symphony
spoke,spoke
would,would
nine,nine
niin,niin
princess,princess
bike,bike
music,music
calm,calm
armi,army
strike,strike
torment,torment
tryin,tryin'
type,type
tell,tell
willst,willst
griev,grieve
saber,saber
relax,relax
relat,relate
notic,notice
hurt,hurt
warn,warning
phone,phone
berlin,berlin
warm,warm
pecho,pecho
holi,holy
aux,aux
muss,muss
moin,moins
hole,hole
pouco,pouco
dot,dot
must,must
me,me
accid,accident
für,für
ma,ma
room,room
mc,mc
flore,flores
mm,mm
mo,mo
work,work
mi,mi
cant,cant
roof,roof
hizo,hizo
ere,eres
wors,worse
wort,worte
era,era
sweeter,sweeter
mr,mr.
olen,olen
im,im
libertad,libertad
my,my
it´,it´s
gloria,gloria
jamai,jamais
empieza,empieza
io,io
serpent,serpent
give,give
vos,vos
honey,honey
mornin,mornin'
wirklich,wirklich
want,want
aaah,aaah
nient,niente
attract,attraction
cielo,cielo
end,end
solitud,solitude
thing,things
polic,police
hoo,hoo
travel,travel
prendr,prendre
ogni,ogni
how,how
hot,hot
confin,confined
hop,hop
rewind,rewind
answer,answer
gate,gates
quoi,quoi
beach,beach
quon,qu'on
hoy,hoy
cariño,cariño
fever,fever
recogn,recognize
lai,lai
mess,mess
cadillac,cadillac
ladder,ladder
after,after
vicious,vicious
être,être
befor,before
wrong,wrong
lay,lay
beauti,beautiful
weißt,weißt
law,law
lap,lap
adio,adios
sentir,sentir
domin,domination
third,third
acaba,acaba
sitä,sitä
greet,greet
imposs,impossible
hasta,hasta
wink,wink
green,green
enter,enter
plagu,plague
worst,worst
wing,wings
wind,wind
wine,wine
origin,original
peux,peux
carnav,carnaval
madrugada,madrugada
deck,deck
peur,peur
crumbl,crumble
over,over
failur,failure
orang,orange
becaus,because
peut,peut
surrend,surrender
finest,finest
london,london
atrá,atrás
mañana,mañana
vita,vita
hook,hook
tennesse,tennessee
vite,vite
dreamer,dreamer
ima,i'ma
meno,menos
gentl,gentle
vento,vento
fit,fit
canto,canto
despierta,despierta
fix,fix
baila,baila
crew,crew
better,better
spoken,spoken
offic,office
días,días
fade,fade
creo,creo
hidden,hidden
fin,fin
easier,easier
fil,fils
split,split
then,then
them,them
anim,animal
trippin,trippin'
était,était
thee,thee
safe,safe
deinem,deinem
disturb,disturb
deinen,deinen
break,break
band,band
bang,bang
deiner,deiner
promis,promise
they,they
teu,teu
battl,battle
one,one
silver,silver
bank,bank
bread,bread
wenn,wenn
choic,choice
victori,victory
viver,viver
chico,chico
sleepless,sleepless
l,l
choir,choir
luce,luce
holdin,holdin'
rocki,rocky
arrow,arrow
each,each
puppet,puppet
went,went
enamorado,enamorado
side,side
bone,bones
mean,mean
turnin,turnin'
allah,allah
overflow,overflow
spider,spider
tip,tip
taught,taught
forgot,forgot
dawn,dawn
despis,despise
saturday,saturday
whip,whip
fragil,fragile
depress,depression
gon,gon'
velvet,velvet
goe,goes
god,god
nunca,nunca
muero,muero
algún,algún
matar,matar
content,content
re,re
laid,laid
branch,branches
ra,ra
mondo,mondo
got,got
forth,forth
swell,swell
smart,smart
frei,frei
written,written
hang,hang
nightmar,nightmare
situat,situation
infin,infinity
free,free
bailar,bailar
redempt,redemption
spill,spill
boulevard,boulevard
evil,evil
entrar,entrar
nie,nie
silent,silent
dancin,dancin'
ate,ate
sunshin,sunshine
puzzl,puzzle
ritual,ritual
cosmic,cosmic
ist,ist
att,att
rais,raise
hopeless,hopeless
can’t,can’t
loud,loud
bite,bite
fantasi,fantasy
rang,range
slept,slept
einer,einer
tellement,tellement
jamaica,jamaica
fácil,fácil
trembl,tremble
independ,independent
wast,waste
lágrima,lágrimas
system,system
wash,wash
alreadi,already
comin,comin'
einen,einen
thick,thick
agre,agree
hood,hood
pasa,pasa
endlich,endlich
é,é
è,è
bonita,bonita
inch,inch
top,top
à,à
ingen,ingen
sometim,sometimes
å,å
fiction,fiction
tabl,table
toi,toi
ton,ton
too,too
tom,tom
rockin,rockin'
dwell,dwell
hollywood,hollywood
john,john
bitter,bitter
tod,tod
listen,listen
hacer,hacer
murder,murder
consol,consolation
segundo,segundo
tool,tool
took,took
wisdom,wisdom
digo,digo
western,western
crawl,crawl
diga,digas
pluie,pluie
cri,cry
preacher,preacher
bitt,bitte
silli,silly
target,target
thirsti,thirsty
provid,provide
coward,coward
tra,tra
tree,tree
hors,horse
shower,shower
matter,matter
entr,entre
flame,flame
ancora,ancora
k,k
minut,minute
rag,rag
fashion,fashion
esta,esta
estc,est-ce
ran,ran
mina,mina
esto,esto
mind,mind
mine,mine
drip,drip
sourir,sourire
raw,raw
rat,rat
seed,seed
rap,rap
seen,seen
seem,seems
it’,it’s
seek,seek
boogi,boogie
salvat,salvation
strength,strength
realm,realm
alibi,alibi
damour,d'amour
especi,especially
snow,snow
bleib,bleib
chest,chest
rome,rome
i´m,i´m
hum,hum
rider,rider
blue,blue
crippl,crippled
despertar,despertar
nuit,nuit
razon,razon
plenti,plenty
though,though
scienc,science
doin,doin'
object,object
sue,sue
ahí,ahí
sinto,sinto
mouth,mouth
addict,addicted
letter,letter
jumpin,jumpin'
phase,phase
coin,coin
the,the
grave,grave
glow,glow
tradit,tradition
singer,singer
excus,excuse
don,don?
doo,doo
dom,dom
flor,flor
alarm,alarm
nei,nei
metal,metal
dog,dog
doe,does
freeway,freeway
suo,suo
declar,declare
dor,dor
dos,dos
cama,cama
left,left
scream,scream
came,came
job,job
beaten,beaten
bomb,bomb
hur,hur
cherch,cherche
opposit,opposite
queen,queen
pave,paved
lee,lee
sanctuari,sanctuary
radio,radio
earth,earth
bail,baile
sagt,sagt
toast,toast
och,och
wirst,wirst
politician,politicians
quieren,quieren
just,just
spite,spite
blut,blut
ment,mente
explain,explain
releas,release
bust,bust
sugar,sugar
bush,bush
busi,business
bliss,bliss
deepest,deepest
rich,rich
mend,mend
gangsta,gangsta
do,do
waltz,waltz
dj,dj
klein,kleine
di,di
nasti,nasty
de,de
watch,watch
13,13
da,da
pocket,pocket
geen,geen
doigt,doigts
du,du
dr,dr.
bat,bat
bar,bar
bas,bas
busco,busco
ner,ner
sacrific,sacrifice
probabl,probably
brazo,brazos
disco,disco
twice,twice
bad,bad
coke,coke
olhar,olhar
sentido,sentido
steal,steal
steam,steam
bah,bah
fait,fait
blew,blew
vampir,vampire
beso,besos
fair,faire
cerca,cerca
guerra,guerra
liquor,liquor
nur,nur
parol,parole
light,light
resist,resist
bled,bled
goodnight,goodnight
num,num
structur,structure
nuh,nuh
respons,responsible
fail,fail
cambiar,cambiar
foss,fosse
hammer,hammer
best,best
subject,subject
awar,aware
said,said
onto,onto
bij,bij
away,away
sail,sail
muy,muy
insiem,insieme
mud,mud
bien,bien
score,score
cómo,cómo
finger,fingers
awak,awake
drawn,drawn
mun,mun
approach,approach
alguien,alguien
debo,debo
warrior,warrior
we,we
men,men
drivin,drivin'
wa,wa
wo,won't
debe,debes
sera,sera
weak,weak
boss,boss
posit,position
lazi,lazy
devour,devour
wear,wear
unfold,unfold
intox,intoxicated
news,news
debt,debt
roller,roller
weari,weary
bras,bras
cop,cops
cos,'cos
cor,cor
ell,elle
cow,cow
herz,herz
fault,fault
ill,ill
questo,questo
ahora,ahora
against,against
kommen,kommen
piti,pity
una,una
kommer,kommer
und,und
une,une
lookin,lookin'
logic,logic
countri,country
com,com
col,col
con,con
compromis,compromise
skill,skills
assur,assured
tough,tough
alleluia,alleluia!
pose,pose
demain,demain
vain,vain
jugar,jugar
height,heights
femm,femme
creat,create
lick,lick
felicidad,felicidad
darlin,darlin'
paradis,paradise
trumpet,trumpet
trust,trust
assum,assume
aquella,aquella
speak,speak
hijo,hijos
fra,fra
reveng,revenge
sam,sam
beef,beef
hay,hay
union,union
fri,fry
sal,sal
three,three
been,been
shoulda,shoulda
beep,beep
beer,beer
much,much
entonc,entonces
interest,interest
pro,pro
tini,tiny
threw,threw
funer,funeral
life,life
ano,ano
deeper,deeper
spit,spit
café,café
pueden,pueden
alegr,alegre
prison,prison
anywher,anywhere
fest,fest
lift,lift
alley,alley
child,child
catch,catch
erst,erst
suav,suave
chill,chill
ugli,ugly
save,save
tank,tank
servic,service
gasolin,gasoline
lullabi,lullaby
air,air
aim,aim
encontrar,encontrar
near,near
ain,ain?
neat,neat
aid,aids
possess,possess
vagu,vague
anchor,anchor
della,della
spawn,spawn
histori,history
stink,stink
dizzi,dizzy
mexico,mexico
is,is
ir,ir
it,it
sting,sting
ii,ii
shame,shame
ik,ik
brake,brakes
il,il
jest,jest
in,in
amour,amour
id,id
disappear,disappear
if,if
grown,grown
walkin,walkin'
bello,bello
quand,quand
harmoni,harmony
credit,credit
perform,perform
make,make
mayb,maybe
wound,wounds
bella,bella
busca,busca
complex,complex
descend,descend
jungl,jungle
success,success
puttin,puttin'
superman,superman
jama,jamas
wheel,wheel
ello,ellos
fuss,fuss
evid,evidence
buscando,buscando
ingent,ingenting
ella,ella
social,social
rail,rail
rain,rain
hand,hand
delight,delight
fuse,fuse
vieux,vieux
jealous,jealous
burnin,burnin'
tide,tide
blister,blisters
tune,tune
kid,kids
butter,butter
groovi,groovy
dado,dado
kept,kept
soak,soaked
bewar,beware
placer,placer
itself,itself
taint,tainted
deixa,deixa
ocean,ocean
contact,contact
mamma,mamma
greatest,greatest
thi,thy
mother,mother
everyth,everything
hacen,hacen
rout,route
tha,tha
bonni,bonnie
letra,letra
background,background
givin,givin'
yea,yea
photo,photo
enjoy,enjoy
forsaken,forsaken
tão,tão
monkey,monkey
kalt,kalt
farther,farther
human,human
yes,yes
yer,yer
sleepi,sleepy
yet,yet
languag,language
sí,sí
hai,hai
sé,sé
han,han
så,så
sä,sä
hab,hab
ela,ela
had,had
ideal,ideal
voglio,voglio
ele,ele
sensat,sensation
ooooh,ooooh
shout,shout
spread,spread
board,board
endur,endure
els,else
har,har
has,has
hat,hat
wissen,wissen
só,só
gave,gave
egal,egal
lake,lake
unter,unter
assim,assim
escuchar,escuchar
seel,seele
vaniti,vanity
there’,there’s
yeh,yeh
birth,birth
linda,linda
dreamt,dreamt
shadow,shadows
burnt,burnt
rumor,rumors
apart,apart
shoulder,shoulder
measur,measure
gift,gift
hunt,hunt
negat,negative
50,50
deus,deus
remind,remind
pavement,pavement
pasion,pasion
confid,confidence
night,night
hung,hung
amor,amor
soar,soar
jean,jeans
right,right
old,old
ole,ole
deal,deal
oli,oli
fold,fold
crown,crown
somehow,somehow
dead,dead
tenemo,tenemos
revel,revelation
intern,international
dear,dear
bore,bored
bord,bord
creer,creer
creep,creep
decirt,decirte
ici,ici
ich,ich
for,for
bottom,bottom
drove,drove
ice,ice
foe,foe
fog,fog
uma,uma
overcom,overcome
convict,conviction
strada,strada
creatur,creature
leak,leak
vielleicht,vielleicht
bold,bold
peel,peel
suelo,suelo
quedo,quedo
insecur,insecure
coro,coro
buri,bury
corp,corps
pensando,pensando
corr,corre
keeper,keeper
post,post
â,Â
super,super
describ,describe
zur,zur
silhouett,silhouette
difícil,difícil
coast,coast
cowboy,cowboy
conceal,conceal
year,years
choke,choke
surround,surround
dinner,dinner
despair,despair
plus,plus
algo,algo
horizon,horizon
cherish,cherish
mismo,mismo
commit,commit
esperar,esperar
coraz,coraz?
produc,produced
zum,zum
lieb,liebe
telephon,telephone
aber,aber
cuor,cuore
soi,sois
sock,sock
ahh,ahh
float,floating
som,som
bound,bound
son,son
down,down
loin,loin
sou,sou
sow,sow
vuelv,vuelve
wrap,wrapped
chime,chime
encor,encore
stall,stall
mass,mass
glaub,glaub
east,east
veneno,veneno
crowd,crowd
wah,wah
avait,avait
frustrat,frustration
support,support
transform,transform
sunlight,sunlight
happi,happy
stuck,stuck
reli,rely
fought,fought
gib,gib
way,way
wax,wax
jane,jane
call,call
wat,wat
was,was
war,war
wrote,wrote
everlast,everlasting
head,head
form,form
offer,offer
forc,force
deaf,deaf
heal,heal
daß,daß
forg,forged
aqui,aqui
fore,'fore
jive,jive
heat,heat
seguir,seguir
hear,hear
sparkl,sparkle
fors,forse
mirada,mirada
true,true
fort,fort
viva,viva
electr,electric
duel,duele
vive,vive
born,born
vorrei,vorrei
layin,layin'
daddi,daddy
vivo,vivo
until,until
whiskey,whiskey
vivr,vivre
absenc,absence
freund,freunde
trist,triste
retir,retire
lili,lily
labio,labios
pude,pude
proud,proud
weit,weit
lleva,lleva
petit,petit
nobodi,nobody
unholi,unholy
sale,sale
salir,salir
miro,miro
exist,exist
cocain,cocaine
glanc,glance
prayer,prayer
furi,fury
desir,desire
ship,ship
20,20
mold,mold
trip,trip
inde,indeed
gracia,gracias
leer,leer
depoi,depois
floor,floor
na,na
stake,stake
when,when
ne,ne
actor,actor
til,'til
flood,flood
tin,tin
role,role
communic,communication
jone,jones
tumbl,tumble
test,test
tie,tied
hangin,hangin'
smell,smell
roll,roll
realiti,reality
tame,tame
donât,donât
fou,fou
dies,diese
felt,felt
dieu,dieu
fell,fell
intent,intentions
reign,reign
consid,consider
mirando,mirando
siento,siento
balloon,balloon
billion,billion
grief,grief
younger,younger
receiv,receive
rabbit,rabbit
longer,longer
bullet,bullet
glass,glass
salt,salt
essenc,essence
licht,licht
jacket,jacket
rough,rough
ignor,ignore
time,time
push,push
serious,serious
backward,backwards
daili,daily
gown,gown
sentimiento,sentimiento
chain,chain
caricia,caricias
skip,skip
rob,rob
celebr,celebrate
focus,focus
invent,invented
mile,miles
selbst,selbst
skin,skin
amar,amar
chair,chair
rot,rot
milk,milk
row,row
macht,macht
decid,decide
middl,middle
ver,ver
ves,ves
zone,zone
muito,muito
flash,flash
father,father
puoi,puoi
dá,dá
hurtin,hurtin'
decir,decir
decis,decision
rhythm,rhythm
ven,ven
veo,veo
vem,vem
retreat,retreat
preciso,preciso
shoot,shoot
sourc,source
string,string
jerk,jerk
olvidar,olvidar
nooit,nooit
guarda,guarda
distant,distant
mourn,mourning
escucha,escucha
condit,condition
cook,cook
join,join
blast,blast
exact,exactly
rapper,rappers
cool,cool
dim,dim
din,din
dio,dios
captiv,captive
hour,hour
knockin,knockin'
level,level
tear,tears
die,die
dig,dig
dia,dia
foi,fois
p,p
statu,statue
querer,querer
larm,larmes
diz,diz
gut,gut
quick,quick
tongu,tongue
guy,guy
dip,dip
round,round
dir,dir
dis,dis
shave,shave
cose,cose
brave,brave
regret,regret
cosa,cosa
core,core
trend,trend
sigh,sigh
boca,boca
sigo,sigo
sign,sign
everytim,everytime
cost,cost
sigu,sigue
worn,worn
hace,hace
patient,patiently
helpless,helpless
bake,bake
port,porte
corazon,corazon
malo,malo
vengo,vengo
mister,mister
queda,queda
mall,mall
melt,melt
uniform,uniform
current,current
stadt,stadt
ancient,ancient
nella,nella
indiffer,indifference
order,order
corn,corn
burn,burn
hart,hart
frío,frío
drinkin,drinkin'
nen,n'en
ridin,ridin'
french,french
bi,bi
water,water
juro,juro
melhor,melhor
witch,witch
deceit,deceit
along,along
teacher,teacher
wait,waiting
box,box
boy,boy
insan,insane
fenc,fence
shove,shove
invit,invitation
bop,bop
shift,shift
runnin,runnin'
culpa,culpa
mutta,mutta
screamin,screamin'
bow,bow
dêtre,d'être
trial,trial
patienc,patience
bom,bom
bon,bon
boo,boo
dusti,dusty
colleg,college
bob,bob
deg,deg
guilti,guilty
pillow,pillow
ourselv,ourselves
love,love
savoir,savoir
extra,extra
ilusión,ilusión
rattl,rattle
prefer,prefer
gesicht,gesicht
pasión,pasión
tête,tête
fake,fake
fool,fool
tuesday,tuesday
peep,peep
market,market
bloodi,bloody
ando,ando
wealth,wealth
memori,memories
sake,sake
saddl,saddle
univers,universe
visit,visit
impos,imposible
everybodi,everybody
live,live
vivir,vivir
prey,prey
everywher,everywhere
ahhh,ahhh
tape,tape
angri,angry
thru,thru
today,today
vous,vous
capit,capital
jah,jah
riot,riot
club,club
peopl,people
ooo,ooo
claus,claus
lamor,l'amore
ooh,ooh
refrain,refrain
clue,clue
downtown,downtown
espero,espero
drown,drown
savior,savior
cuanto,cuanto
summertim,summertime
aun,aun
suffoc,suffocate
car,car
prepar,prepared
pretend,pretend
judg,judge
soul,soul
cat,cat
fli,fly
dyin,dyin'
sous,sous
sour,sour
whatev,whatever
cabeza,cabeza
purpos,purpose
laughter,laughter
materi,material
cae,cae
heart,heart
favourit,favourite
stream,stream
corazón,corazón
noch,noch
livet,livet
chip,chips
alleen,alleen
perder,perder
heard,heard
stroke,stroke
chin,chin
o,o
phrase,phrase
chemic,chemical
feelin,feelin'
juli,july
stole,stole
tar,tar
pink,pink
winter,winter
soleil,soleil
lifeless,lifeless
mehr,mehr
foul,foul
hippi,hippie
aquel,aquel
nyt,nyt
write,write
alway,always
sunday,sunday
anyon,anyone
actual,actually
pure,pure
swore,swore
llego,llego
puro,puro
amanec,amanecer
afternoon,afternoon
map,map
mas,mas
mar,mar
misma,misma
may,may
kopf,kopf
dive,dive
fed,fed
spot,spot
louder,louder
niemand,niemand
pattern,patterns
mad,mad
mag,mag
mai,mais
such,such
suck,suck
dove,dove
grow,grow
leve,leve
man,man
stress,stress
rêve,rêve
neck,neck
liquid,liquid
conscious,conscious
confus,confused
goal,goal
secur,security
favorit,favorite
avant,avant
su,su
st,st.
tale,tale
inform,information
switch,switch
etc,etc.
jail,jail
jaim,j'aime
unleash,unleash
tall,tall
sa,sa
ordinari,ordinary
talk,talk
drunken,drunken
cute,cute
manera,manera
shield,shield
anticip,anticipating
footstep,footsteps
etwa,etwas
midnight,midnight
agoni,agony
immer,immer
brain,brain
yearn,yearning
aha,aha
lyric,lyrics
hacia,hacia
cold,cold
still,still
skeleton,skeleton
worship,worship
tore,tore
già,già
forma,forma
group,group
thumb,thumb
willow,willow
thang,thang
torn,torn
jij,jij
shakin,shakin'
lyin,lyin'
civil,civil
window,window
whole,whole
kaiken,kaiken
maim,m'aimes
mail,mail
main,main
bounc,bounce
insect,insects
augen,augen
nom,nom
non,non
ahi,ahi
recal,recall
noi,noi
smash,smash
javai,j'avais
bein,bein'
nog,nog
shatter,shattered
dimmi,dimmi
sooner,sooner
sol,sol
underneath,underneath
lunch,lunch
sorriso,sorriso
loneli,loneliness
conquer,conquer
tax,tax
disappoint,disappointed
not,don't
qu,qu'
now,now
twilight,twilight
hall,hall
nor,nor
nos,nos
wont,wont
term,terms
name,name
servant,servant
mellow,mellow
frank,frank
drop,drop
vaan,vaan
flown,flown
separ,separate
magazin,magazine
savag,savage
careless,careless
rock,rock
nois,noise
caminar,caminar
collaps,collapse
terr,terre
keiner,keiner
em,'em
el,el
en,en
ei,ei
eh,eh
replac,replace
eg,eg
torch,torch
står,står
yeah,yeah
bodi,body
mulher,mulher
ey,ey
begun,begun
ez,ez
eu,eu
et,et
girl,girl
summon,summon
mommi,mommy
es,es
er,er
album,album
shown,shown
ambit,ambition
jackson,jackson
stitch,stitch
space,space
profit,profit
dort,dort
astray,astray
flesh,flesh
poco,poco
johnni,johnny
fazer,fazer
bli,bli
olvido,olvido
stell,stelle
uncl,uncle
bless,blessed
bla,bla
correct,correct
romanc,romance
screw,screw
diseas,disease
monster,monster
glimps,glimpse
tienen,tienen
sogno,sogno
septemb,september
million,million
seventh,seventh
argu,argue
auch,auch
g,g
cari,cari
california,california
rebel,rebel
plea,plea
romant,romantic
allá,allá
cara,cara
grab,grab
card,cards
care,care
imagin,imagine
funki,funky
gusta,gusta
sabor,sabor
luego,luego
don`t,don`t
punk,punk
refus,refuse
honest,honest
motion,motion
turn,turn
può,può
place,place
aboard,aboard
swing,swing
preach,preach
think,think
first,first
oper,operator
mucha,muchas
carri,carry
onc,once
mitä,mitä
vient,vient
ond,onde
yourself,yourself
arriv,arrive
fast,fast
spanish,spanish
vote,vote
ring,ring
dreamin,dreamin'
open,open
tomorrow,tomorrow
ont,ont
size,size
sheep,sheep
given,given
chanson,chanson
sheet,sheets
christma,christmas
teenag,teenage
llegar,llegar
caught,caught
breed,breed
plastic,plastic
citi,city
silenc,silence
2,2
tragic,tragic
breez,breeze
circl,circle
white,white
las,las
perdida,perdida
friend,friend
altro,altro
suert,suerte
hug,hug
sento,sento
that,that
season,season
hun,hun
huh,huh
lhe,lhe
eagl,eagle
spinnin,spinnin'
short,short
decemb,december
bajo,bajo
gin,gin
x2,(x2)
x3,(x3)
than,than
x4,(x4)
boyfriend,boyfriend
serv,serve
wide,wide
gehn,gehn
12,12
15,15
plein,plein
i’ll,i’ll
16,16
jealousi,jealousy
gotta,gotta
r,r
remors,remorse
balanc,balance
werd,werde
were,were
geht,geht
futuro,futuro
and,and
sai,sais
não,não
pra,pra
ana,ana
angel,angel
slay,slay
saa,saa
dass,dass
sag,sag
ani,any
slap,slap
sad,sad
sull,sulle
woah,woah
say,say
slam,slam
rent,rent
deliv,deliver
anger,anger
allen,allen
breakfast,breakfast
saw,saw
sogni,sogni
sat,sat
nott,notte
hör,hör
engin,engine
squar,square
advic,advice
notr,notre
mitt,mitt
jahr,jahre
kan,kan
weiß,weiß
zoo,zoo
note,note
soñar,soñar
satellit,satellite
squad,squad
loca,loca
take,take
deux,deux
fingertip,fingertips
destroy,destroy
concern,concerned
blunt,blunt
noth,nothing
channel,channel
surf,surf
miei,miei
begin,begin
sure,sure
pain,pain
trace,trace
normal,normal
track,track
ust,usted
price,price
knew,knew
wird,wird
paid,paid
butterfli,butterfly
champagn,champagne
cualquier,cualquier
pair,pair
knee,knees
america,america
bluebird,bluebird
på,på
anch,anche
lawn,lawn
pathet,pathetic
rescu,rescue
angst,angst
egg,egg
alguna,alguna
later,later
drive,drive
tooth,tooth
sunset,sunset
greed,greed
axe,axe
voodoo,voodoo
steadi,steady
hungri,hungry
shop,shop
perch,perche'
troi,trois
shot,shot
show,show
cheat,cheat
need,need
olho,olhos
cheap,cheap
estoy,estoy
bright,bright
shoe,shoes
corner,corner
trop,trop
takin,takin'
estou,estou
inn,inn
ground,ground
aint,aint
righteous,righteous
onli,only
slow,slow
unkind,unkind
stair,stairs
lua,lua
dich,dich
pen,pen
himmel,himmel
joka,joka
behind,behind
crime,crime
joli,jolie
lumièr,lumière
wood,wood
black,black
aina,aina
stormi,stormy
när,när
stain,stained
deseo,deseo
vuela,vuela
predict,predict
american,american
stay,stay
get,get
ventana,ventana
toca,toca
mission,mission
cannot,cannot
georg,george
gee,gee
lui,lui
cryin,cryin'
geh,geh
gen,gens
stroll,stroll
truli,truly
prime,prime
reveal,reveal
pistol,pistol
prima,prima
pimp,pimp
artist,artist
leather,leather
schwer,schwer
borrow,borrow
tension,tension
priest,priest
leur,leur
sehn,sehn
silencio,silencio
dough,dough
where,where
husband,husband
figur,figure
dice,dice
burst,burst
station,station
conscienc,conscience
seat,seat
asleep,asleep
honesti,honesty
seam,seams
contar,contar
sport,sport
sait,sait
wonder,wonder
infinit,infinite
appear,appear
televis,television
crystal,crystal
label,label
cd,cd
3,3
estar,estar
between,between
llorar,llorar
import,important
yesterday,yesterday
ormai,ormai
across,across
fight,fight
vie,vie
parent,parents
dinero,dinero
screen,screen
tus,tus
tut,tut
obscen,obscene
punto,punto
guitar,guitar
cycl,cycle
jo,jo
comm,comme
como,como
tuo,tuo
je,je
spark,spark
comb,comb
come,come
tue,tue
vrai,vrai
blame,blame
mond,monde
superstar,superstar
canta,canta
useless,useless
tuck,tuck
quier,quieres
quiet,quiet
empezar,empezar
s,s
tous,tous
tout,tout
aura,aura
igen,igen
quien,quien
mani,many
canción,canción
mann,mann
mano,mano
among,among
você,você
spoil,spoil
cancer,cancer
distancia,distancia
color,color
hypnot,hypnotized
pot,pot
inspir,inspiration
cuando,cuando
insist,insist
messin,messin'
pon,pon
jaw,jaw
pole,pole
featur,features
besoin,besoin
poi,poi
constant,constant
comprehend,comprehend
boat,boat
damag,damage
mare,mare
ultim,ultimate
seiz,seize
sest,s'est
coupl,couple
stretch,stretch
west,west
oder,oder
suicid,suicide
ja,ja
breath,breath
toss,toss
pourtant,pourtant
qué,qué
venir,venir
carv,carved
buscar,buscar
graveyard,graveyard
reaction,reaction
hurrican,hurricane
thousand,thousand
valor,valor
rubi,ruby
lamour,l'amour
ceux,ceux
tiger,tiger
wake,wake
rememb,remember
instant,instant
amant,amante
spirit,spirit
those,those
sound,sound
myself,myself
casa,casa
these,these
slumber,slumber
caso,caso
pobr,pobre
casi,casi
cash,cash
cree,crees
trick,trick
cast,cast
céu,céu
scum,scum
vaikka,vaikka
fim,fim
spotlight,spotlight
buen,buen
pushin,pushin'
ive,ive
anytim,anytime
conmigo,conmigo
seein,seein'
muerto,muerto
soil,soil
convinc,convince
worri,worry
destin,destination
strain,strain
sudden,suddenly
eras,erase
soir,soir
absurd,absurd
everyday,everyday
viento,viento
par,par
pas,pas
medio,medio
pay,pay
thinkin,thinkin'
medic,medication
bowl,bowl
tour,tour
same,same
check,check
gentlemen,gentlemen
food,food
extraño,extraño
heartbreak,heartbreak
blanket,blanket
hecho,hecho
sucker,sucker
admir,admire
eventu,eventually
pal,pal
pan,pan
week,week
phantom,phantom
för,för
oil,oil
kuinka,kuinka
see,see
ni,ni
sotto,sotto
itâ,itâs
nest,n'est
driver,driver
someon,someone
weed,weed
driven,driven
dabei,dabei
disguis,disguise
weer,weer
defi,defy
weep,weep
tenho,tenho
handsom,handsome
drain,drain
cherri,cherry
no,no
nothin,nothin'
justifi,justify
hustl,hustle
lento,lento
machen,machen
relief,relief
temptat,temptation
conoc,conoce
ces,ces
model,model
reward,reward
sinner,sinner
taxi,taxi
summer,summer
violenc,violence
execut,execution
vamo,vamos
visto,visto
neon,neon
rest,rest
violent,violent
quién,quién
kill,kill
scrape,scrape
file,file
touch,touch
flavor,flavor
habrá,habrá
speed,speed
halfway,halfway
blow,blow
quella,quella
death,death
rosi,rosie
parad,parade
rose,rose
llanto,llanto
bobbi,bobby
quello,quello
except,except
littl,little
odio,odio
instrument,instrumental
ghetto,ghetto
pile,pile
4,4
iâ,iÂ'm
verso,verso
wär,wär
struck,struck
llorando,llorando
determin,determined
pill,pills
kingdom,kingdom
ditt,ditt
mucho,mucho
rejoic,rejoice
frown,frown
amo,amo
damnat,damnation
ama,ama
por,por
lado,lado
ladi,lady
gonna,gonna
dart,darte
dark,dark
moi,moi
temperatur,temperature
traffic,traffic
pop,pop
mom,mom
darl,darling
libr,libre
railroad,railroad
leva,leva
reap,reap
dare,dare
meat,meat
saniti,sanity
duti,duty
beggin,beggin'
stranger,stranger
wel,wel
kickin,kickin'
twin,twin
shelf,shelf
nu,nu
chamber,chamber
oblivion,oblivion
maker,maker
t,t
hallelujah,hallelujah
whatcha,whatcha
opportun,opportunity
claw,claws
morena,morena
manag,manage
clap,clap
emerg,emergency
fulfil,fulfill
wonderin,wonderin'
doll,doll
soy,soy
iâm,iâm
muscl,muscle
nombr,nombre
naar,naar
root,roots
radiat,radiation
buzz,buzz
freez,freeze
besser,besser
slice,slice
lotta,lotta
drank,drank
easili,easily
noon,no-one
hoje,hoje
slick,slick
legal,legal
moon,moon
meiner,meiner
‘caus,‘cause
teardrop,teardrops
exit,exit
runaway,runaway
är,är
devot,devotion
complic,complicated
knife,knife
power,power
raus,raus
dicen,dicen
garbag,garbage
sido,sido
earn,earn
slaughter,slaughter
quem,quem
broken,broken
habe,habe
nós,nós
throw,throw
nosotro,nosotros
oo,oo
on,on
om,om
ol,ol'
wolv,wolves
abus,abuse
oi,oi
oh,oh
og,og
of,of
ach,aching
ohoh,oh-oh
ob,ob
greater,greater
meal,meal
chop,chop
degre,degree
intens,intense
wolf,wolf
stand,stand
neighbor,neighbors
roam,roam
ow,ow
ou,ou
luck,luck
os,os
or,or
road,road
op,op
routin,routine
anybodi,anybody
esser,essere
press,press
misti,misty
mari,mary
honki,honky
amiga,amiga
strip,strip
effort,effort
uptown,uptown
nurs,nurse
mark,mark
your,your
restless,restless
het,het
scorn,scorn
nein,nein
her,her
gleam,gleam
saudad,saudade
there,there
lon,l'on
hey,hey
start,start
fascin,fascination
starv,starving
low,low
lot,lot
lou,lou
hem,hem
valley,valley
escapar,escapar
yah,yah
gain,gain
lang,lang
bottl,bottle
dormir,dormir
enough,enough
stupid,stupid
regard,regard
amongst,amongst
soledad,soledad
gibt,gibt
gore,gore
dolor,dolor
fighter,fighter
with,with
conclus,conclusion
faster,faster
pull,pull
rush,rush
darken,darkened
dirti,dirty
joint,joint
rage,rage
vice,vice
ember,embers
tellin,tellin'
flirt,flirt
agora,agora
grasp,grasp
grass,grass
rust,rust
connect,connection
gone,gone
ohn,ohne
ab,ab
ohh,ohh
ad,ad
fright,fright
ai,ai
ah,ah
am,am
al,al
deep,deep
nerv,nerve
sacr,sacred
tengo,tengo
intro,intro:
au,au
uit,uit
aw,awful
av,av
ay,ay
deed,deeds
az,az
rearrang,rearrange
flock,flock
film,film
fill,fill
abyss,abyss
jingl,jingle
coração,coração
idiot,idiot
forsak,forsake
repent,repent
rubber,rubber
field,fields
5,5
vad,vad
you,you
trash,trash
babylon,babylon
10,10
poor,poor
shelter,shelter
domani,domani
symbol,symbol
teeth,teeth
drift,drifting
m,m
terra,terra
keepin,keepin'
peak,peak
mentira,mentira
sulla,sulla
lair,l'air
peac,peace
pool,pool
lipstick,lipstick
meadow,meadow
wife,wife
thorn,thorns
flyin,flyin'
mask,mask
mash,mash
moonlight,moonlight
mentr,mentre
u,u
pierc,pierce
castl,castle
alright,alright
escap,escape
apathi,apathy
togeth,together
all,all
diss,diss
liar,liar
forget,forget
cough,cough
ali,ali
forbidden,forbidden
lack,lack
dollar,dollar
correr,correr
fuego,fuego
ciudad,ciudad
dish,dish
follow,follow
sueño,sueño
lace,lace
sung,sung
carpet,carpet
habla,habla
corps,corpse
ty,ty
imma,imma
tu,tu
dieser,dieser
to,to
tail,tail
program,program
ti,ti
crimson,crimson
smile,smile
kvar,kvar
te,te
knot,knot
oss,oss
introduc,introduce
ta,ta
faz,faz
ninguém,ninguém
vers,verse
woman,woman
estaba,estaba
vert,verte
song,song
far,far
horror,horror
fat,fat
sono,sono
vera,veras
we’r,we’re
hypocrit,hypocrite
fai,fais
einmal,einmal
verd,verde
fall,fall
veri,very
ayer,ayer
ticket,ticket
strang,strange
strand,stranded
trigger,trigger
gott,gott
pueblo,pueblo
heaven,heaven
alma,alma
harri,harry
list,list
fatto,fatto
forti,forty
nossa,nossa
sang,sang
sand,sand
sane,sane
small,small
lisa,lisa
buck,buck
stumbl,stumble
ora,ora
quun,qu'un
dimens,dimension
neighborhood,neighborhood
tem,tem
ten,ten
haar,haar
tea,tea
volar,volar
paso,paso
vete,vete
past,past
strung,strung
zero,zero
pressur,pressure
design,design
pass,pass
further,further
ter,ter
tes,tes
mill,mille
ribbon,ribbons
belief,belief
excit,excited
what,what
stood,stood
microphon,microphone
clock,clock
nana,nana
sun,sun
sum,sum
sul,sul
abl,able
quelqu,quelques
sui,suis
fleur,fleurs
crush,crush
public,public
abr,abre
version,version
sus,sus
sur,sur
deepli,deeply
ang,ang
method,method
jede,jede
movement,movement
full,full
themselv,themselves
nena,nena
tragedi,tragedy
vale,vale
kimi,kimi
heb,heb
aquello,aquellos
immort,immortal
trunk,trunk
hast,hast
depend,depend
goodby,goodbye
standard,standard
legend,legend
valu,value
leav,leave
arena,arena
search,searching
graviti,gravity
ahead,ahead
miseri,misery
whine,whine
brutal,brutal
premier,premier
soldier,soldier
base,base
près,près
durch,durch
pick,pick
action,action
narrow,narrow
medicin,medicine
via,via
depart,departed
declin,decline
vez,vez
hogi,hogy
africa,africa
vil,vil
él,él
és,és
ask,ask
voyag,voyage
send,send
famili,family
demis,demise
asi,asi
tutto,tutto
eye,eyes
tutti,tutti
liber,liberate
faint,faint
two,two
mort,mort
pearl,pearls
morn,morning
6,6
taken,taken
fr,fr
minor,minor
more,more
teen,teen
tryna,tryna
flaw,flaws
diamond,diamond
door,door
alltid,alltid
mire,mire
hundr,hundred
hurri,hurry
mira,mira
askin,askin'
terror,terror
flag,flag
stick,stick
broke,broke
aris,arise
known,known
compani,company
doom,doom
komm,komm
estribillo,estribillo
glad,glad
don’t,don’t
town,town
mí,mí
none,none
thread,thread
eden,eden
hous,house
ça,ça
der,der
des,des
det,det
dew,dew
dei,dei
remain,remain
del,del
dem,dem
den,den
learn,learn
abandon,abandoned
male,male
dee,dee
enfant,enfants
mala,mala
explod,explode
orlean,orleans
shark,shark
bam,bam
wieder,wieder
rua,rua
brown,brown
challeng,challenge
share,share
accept,accept
autumn,autumn
fiddl,fiddle
azul,azul
poni,pony
wet,wet
explor,explore
explos,explosion
pone,pone
sharp,sharp
scar,scars
dress,dress
condemn,condemned
toni,tony
siren,sirens
cours,course
court,court
untru,untrue
divid,divide
rather,rather
anoth,another
comfort,comfort
breast,breast
divin,divine
voltar,voltar
fame,fame
musica,musica
cling,cling
calma,calma
vorbei,vorbei
oye,oye
strong,strong
simpl,simple
needl,needle
unabl,unable
plant,plant
okay,okay
eterno,eterno
rude,rude
whirl,whirl
our,our
blacken,blackened
sneak,sneak
reflect,reflection
fa,fa
plane,plane
embrac,embrace
fe,fe
numb,numb
quisiera,quisiera
fi,fi
maar,maar
bloom,bloom
sehen,sehen
fo,fo
a,a
planet,planet
circumst,circumstance
twelv,twelve
kein,kein
read,read
coat,coat
doctor,doctor
children,children
combin,combination
dragon,dragon
caus,'cause
coal,coal
shore,shore
ego,ego
dread,dread
shade,shade
media,media
aller,aller
minuto,minuto
dream,dream
paz,paz
herida,herida
ding,ding
help,help
pant,pants
somo,somos
soon,soon
trade,trade
held,held
paper,paper
through,through
sere,sere
pane,pane
hell,hell
perhap,perhaps
suffer,suffer
realiz,realize
24,24
style,style
meinen,meinen
pens,pense
glide,glide
sopra,sopra
late,late
grade,grade
allt,allt
lucif,lucifer
pena,pena
lontano,lontano
speech,speech
bout,'bout
team,team
might,might
alter,alter
suppli,supply
yi,yi
ant,antes
good,good
return,return
yo,yo
ya,ya
mientra,mientras
pollut,pollution
ye,ye
uhh,uhh
miedo,miedo
ficar,ficar
somebodi,somebody
laiss,laisse
dedo,dedos
farewel,farewell
foot,foot
disgrac,disgrace
musiqu,musique
adventur,adventure
complain,complain
bigger,bigger
virtu,virtue
tuoi,tuoi
fairi,fairy
2x,(2x)
donc,donc
vara,vara
porta,porta
mysteri,mystery
did,did
achiev,achieve
naughti,naughty
eager,eager
teas,tease
ceas,cease
found,found
friendship,friendship
breakdown,breakdown
harm,harm
shock,shock
england,england
mental,mental
weight,weight
meaningless,meaningless
colder,colder
fish,fish
hard,hard
idea,idea
terrifi,terrified
realli,really
heavi,heavy
sober,sober
toda,toda
finish,finish
expect,expect
fist,fist
aldrig,aldrig
into,into
energi,energy
beyond,beyond
todo,todo
nosso,nosso
flower,flowers
safeti,safety
alcohol,alcohol
suprem,supreme
glitter,glitter
dónde,dónde
princ,prince
bubbl,bubble
si,si
health,health
hill,hill
7,7
print,print
tí,tí
san,sans
highway,highway
pum,pum
bald,bald
bass,bass
dirt,dirt
pue,pues
friday,friday
guess,guess
dune,d'une
ness,ness
mmm,mmm
dit,dit
reason,reason
heroin,heroin
será,será
believ,believe
dire,dire
put,put
teach,teach
ash,ashes
pasado,pasado
sidewalk,sidewalk
thrown,thrown
alt,alt
legion,legions
prophet,prophet
fearless,fearless
so,so
voor,voor
struggl,struggle
sicken,sickening
deje,dejes
wither,withered
cloudi,cloudy
w,w
dejo,dejo
heartbeat,heartbeat
lifetim,lifetime
fallen,fallen
virgin,virgin
feed,feed
sympathi,sympathy
major,major
bonito,bonito
dont,dont
hopin,hopin'
wilder,wilderness
feel,feel
nach,nach
number,number
evolut,evolution
feet,feet
cada,cada
sailor,sailor
done,done
dond,donde
dong,dong
blank,blank
guard,guard
mist,mist
miss,miss
fanci,fancy
donn,donne
passer,passer
razor,razor
differ,different
killin,killin'
kom,kom
guest,guest
jet,jet
nome,nome
blossom,blossom
avec,avec
mont,monte
least,least
collar,collar
player,player
contra,contra
stori,story
robe,robe
jeg,jeg
storm,storm
ze,ze
mama,mama
master,master
scheme,scheme
jen,j'en
banana,banana
store,store
pare,pare
parc,parce
saint,saint
para,para
pump,pump
month,months
hotel,hotel
park,park
música,música
asshol,asshole
za,za
mmmm,mmmm
då,då
corpo,corpo
part,part
prend,prends
twenti,twenty
schon,schon
grace,grace
reliev,relieve
king,king
kind,kind
b,b
sta,sta
whenev,whenever
perfum,perfume
remov,remove
sto,sto
dans,danse
aah,aah
vocal,vocal
horizont,horizonte
youth,youth
bride,bride
asham,ashamed
stalk,stalking
esquina,esquina
pienso,pienso
ô,ô
danc,dance
weapon,weapon
contr,contre
outta,outta
atmospher,atmosphere
belli,belly
croi,crois
aussi,aussi
queria,queria
complet,complete
blond,blonde
dedic,dedicated
steht,steht
piensa,piensa
sell,sell
lie,lies
advanc,advance
jour,jour
built,built
dude,dude
blanco,blanco
lil,lil'
blanca,blanca
self,self
euch,euch
couch,couch
lit,lit
also,also
liv,liv
without,without
pasar,pasar
build,build
command,command
waitin,waitin'
play,play
parl,parle
sleepin,sleepin'
tuve,tuve
kad,kad
victim,victim
english,english
reach,reach
chart,charts
essa,essa
perro,perro
virus,virus
3x,(3x)
charm,charm
pari,paris
diferent,diferente
suitcas,suitcase
glück,glück
charg,charge
amaz,amazing
ka,ka
ke,ke
minha,minha
unspoken,unspoken
clear,clear
minä,minä
destruct,destruction
clean,clean
repli,reply
weigh,weigh
barrel,barrel
i`m,i`m
nube,nubes
gleich,gleich
nessuno,nessuno
gold,gold
tener,tener
melodi,melody
flicker,flicker
croir,croire
gefühl,gefühl
golp,golpe
há,há
quedan,quedan
fino,fino
finn,finns
ojo,ojos
font,font
fine,fine
find,find
paus,pause
giant,giant
sayin,sayin'
pretti,pretty
sentenc,sentence
nervous,nervous
bonheur,bonheur
writer,writer
solut,solution
quel,quel
vision,vision
piedra,piedra
beat,beat
jazz,jazz
quer,quer
traum,traum
betray,betrayed
money,money
8,8
unhappi,unhappy
gå,gå
hip,hip
shepherd,shepherds
remedi,remedy
his,his
hit,hit
mein,mein
bend,bend
express,express
estrella,estrellas
famous,famous
grew,grew
hid,hid
stir,stir
compass,compassion
jetzt,jetzt
jsui,j'suis
hij,hij
silk,silk
sunni,sunny
him,him
hin,hin
merci,mercy
appeal,appeal
timeless,timeless
foto,foto
proclaim,proclaim
enemi,enemy
booz,booze
geld,geld
common,common
gotten,gotten
verdad,verdad
nowher,nowhere
hon,hon
sew,sew
seventeen,seventeen
set,set
art,art
ser,ser
delus,delusion
creator,creator
overwhelm,overwhelmed
jade,jaded
vine,vine
around,around
grey,grey
bara,bara
idol,idol
lion,lion
sed,sed
dumb,dumb
are,are
sea,sea
tender,tender
close,close
laat,laat
aunqu,aunque
arm,arms
sei,sei
seh,seh
seal,seal
project,projects
movin,movin'
spiritu,spiritual
fuist,fuiste
dann,dann
someth,something
wail,wail
guitarra,guitarra
case,case
woo,woo
won,won
woh,woh
lei,lei
woe,woe
guilt,guilt
hold,hold
experi,experience
dein,dein
kneel,kneel
concentr,concentrate
soll,soll
makeup,makeup
shinin,shinin'
iron,iron
barrio,barrio
sold,sold
sole,sole
isol,isolation
sola,sola
spray,spray
samba,samba
arrang,arranged
ikk,ikke
jeder,jeder
cristal,cristal
purpl,purple
tres,tres
että,että
sufrir,sufrir
both,both
c,c
toward,towards
last,last
thou,thou
breakin,breakin'
alon,alone
troppo,troppo
foreign,foreign
alor,alors
razón,razón
secreto,secreto
forgotten,forgotten
¿qué,¿qué
bond,bond
afar,afar
blaze,blaze
load,load
gypsi,gypsy
childhood,childhood
simpli,simply
reject,reject
point,point
olla,olla
sweet,sweet
sweep,sweep
rosa,rosa
dancer,dancer
majesti,majesty
church,church
rave,rave
mistak,mistake
pensamiento,pensamiento
bridg,bridge
deceiv,deceive
belt,belt
sonrisa,sonrisa
worthless,worthless
devil,devil
filth,filth
dum,dum
dun,d'un
pu,pu
dub,dub
blink,blink
due,due
empti,empty
miser,miserable
depui,depuis
whom,whom
secret,secret
pa,pa
damn,damn
pe,pe
threaten,threatening
brick,brick
pi,pieds
po,po'
woke,woke
dame,dame
firm,firm
invis,invisible
sweetheart,sweetheart
modern,modern
flight,flight
champion,champion
gay,gay
pronto,pronto
fire,fire
infect,infected
imag,image
aprè,après
gas,gas
gar,gar
demasiado,demasiado
gal,gal
understand,understand
occhi,occhi
vuol,vuole
demand,demand
educ,education
cantar,cantar
funk,funk
convers,conversation
highest,highest
stolen,stolen
ignit,ignite
look,look
tambien,tambien
cur,cur
solid,solid
straight,straight
bill,bill
här,här
crazi,crazy
rope,rope
pace,pace
while,while
caress,caress
kick,kick
abov,above
error,error
fun,fun
fleet,fleeting
sombra,sombra
ruido,ruido
andar,andar
everyon,everyone
pack,pack
grip,grip
gimm,gimme
pound,pound
esperanza,esperanza
readi,ready
mystic,mystic
von,von
demon,demons
voi,vois
rip,rip
feliz,feliz
rio,rio
vow,vow
vor,vor
centuri,century
decay,decay
rid,rid
vanish,vanish
anguish,anguish
ohhhh,ohhhh
voz,voz
chase,chase
wrath,wrath
resurrect,resurrection
importa,importa
starlight,starlight
grant,granted
belong,belong
butcher,butcher
funni,funny
basta,basta
grand,grand
9,9
ray,ray
boom,boom
memphi,memphis
higher,higher
pray,pray
caer,caer
appreci,appreciate
tower,tower
itch,itch
mountain,mountain
camera,camera
defeat,defeat
se,se
haus,haus
moment,moment
000,000
seren,serenity
extrem,extreme
giorni,giorni
mot,mots
giorno,giorno
weird,weird
adentro,adentro
haga,haga
lower,lower
older,older
primavera,primavera
adesso,adesso
spent,spent
hago,hago
person,person
cheer,cheer
chees,cheese
elev,elevator
f,f
y,y
revolv,revolver
tast,taste
spend,spend
howl,howling
mon,mon
i’m,i’m
coup,coup
chord,chords
burden,burden
blur,blur
tanto,tanto
claro,claro
obscur,obscure
nuestra,nuestra
shape,shape
you´r,you´re
world,world
i’v,i’ve
unto,unto
nuestro,nuestro
wage,wage
cut,cut
cup,cup
ciel,ciel
cuz,cuz
calor,calor
havin,havin'
arriba,arriba
grin,grin
voll,voll
snap,snap
hombr,hombre
hater,haters
bin,bin
wil,wil
march,march
maria,maria
amart,amarte
bleibt,bleibt
bid,bid
sittin,sittin'
almighti,almighty
lovin,lovin'
judgement,judgement
game,game
quest,quest
volver,volver
warmth,warmth
bit,bit
awaken,awaken
bir,bir
paint,paint
vino,vino
bruis,bruised
knock,knock
d,d
spine,spine
confront,confront
signal,signal
clay,clay
glove,glove
strife,strife
chorus,chorus
collect,collect
een,een
conceiv,conceive
donna,donna
gloom,gloom
sleigh,sleigh
cruis,cruise
foolish,foolish
parar,parar
mighti,mighty
often,often
mía,mía
mío,mío
spring,spring
christian,christian
creation,creation
some,some
back,back
understood,understood
palm,palm
loser,loser
sight,sight
mirror,mirror
wonderland,wonderland
curious,curious
surpris,surprise
pale,pale
senseless,senseless
rien,rien
scale,scale
chocol,chocolate
maiden,maiden
encuentro,encuentro
schön,schön
pet,pet
peu,peu
ave,ave
shall,shall
medo,medo
per,per
religion,religion
pelo,pelo
sagen,sagen
larg,large
undon,undone
anni,annie
fuori,fuori
vece,veces
pela,pela
kai,kai
anna,anna
either,either
machin,machine
be,be
sixteen,sixteen
run,run
ba,ba
rum,rum
rub,rub
word,words
bo,bo
rug,rug
rue,rue
nuevo,nuevo
bu,bu
step,step
weil,weil
hän,hän
squeez,squeeze
santa,santa
starri,starry
santo,santo
carol,carol
by,by
nueva,nueva
shine,shine
faith,faith
candl,candle
mão,mão
most,most
searchin,searchin'
bist,bist
perd,perd
shini,shiny
brooklyn,brooklyn
valentin,valentine
drama,drama
duda,duda
idl,idle
dine,dine
heel,heels
pudiera,pudiera
wanna,wanna
block,block
sua,sua
miracl,miracle
genocid,genocide
real,real
fan,fan
pero,pero
hermano,hermano
within,within
usual,usually
momma,momma
jimmi,jimmy
fallin,fallin'
chang,change
lesson,lesson
ann,ann
alguém,alguém
stench,stench
holla,holla
desol,desolate
tú,tú
ao,ao
allí,allí
tô,tô
question,question
pierdo,pierdo
submit,submit
liegt,liegt
feu,feu
parec,parece
keinen,keinen
suit,suit
forward,forward
mach,mach
qua,qua
poder,poder
tá,tá
aqu,aqu
mutil,mutilation
himself,himself
an,an
ditch,ditch
ascend,ascend
frost,frost
heartach,heartache
won’t,won’t
carn,carne
cloth,clothes
dulc,dulce
doi,dois
link,link
translat,translation
tenert,tenerte
atom,atomic
line,line
reel,reel
dull,dull
hush,hush
skull,skull
ut,ut
up,up
us,us
ur,ur
um,um
un,un
uh,uh
holler,holler
z,z
ki,ki
bath,bath
necesito,necesito
v,v
freak,freak
curs,curse
youâr,youâre
flow,flow
haunt,haunt
repres,represent
scarlet,scarlet
cure,cure
jétai,j'étais
chat,chat
playin,playin'
curl,curl
hospit,hospital
prevail,prevail
curtain,curtain
kaikki,kaikki
cotton,cotton
cuento,cuento
rainbow,rainbow
peter,peter
gris,gris
nah,nah
nai,n'ai
são,são
nao,nao
cuenta,cuenta
tard,tarde
vou,vou
nas,nas
raini,rainy
yang,yang
bear,bear
recordar,recordar
grind,grind
swirl,swirling
propheci,prophecy
mock,mock
nice,nice
dale,dale
draw,draw
oon,oon
più,più
lend,lend
ritmo,ritmo
missin,missin'
papa,papa
william,williams
drag,drag
est,est
cè,c'è
worm,worm
año,años
leaf,leaf
tua,tua
desert,desert
problema,problema
mood,mood
ago,ago
lane,lane
land,land
e,e
sore,sore
age,age
sve,sve
gehen,gehen
oppress,oppression
depth,depths
enslav,enslaved
hah,hah
restor,restore
fresh,fresh
hello,hello
passé,passé
code,code
anda,anda
edg,edge
ganz,ganz
scratch,scratch
dime,dime
letzt,letzte
quero,quero
alien,alien
ge,ge
gana,ganas
gang,gang
ga,ga
vuelto,vuelto
go,go
psycho,psycho
meinem,meinem
senti,senti
gi,gi
privat,private
espera,espera
coeur,coeur
young,young
llora,llora
nose,nose
oclock,o'clock
alto,alto
becam,became
sens,sense
fatal,fatal
sent,sent
inject,inject
zurück,zurück
aprend,aprender
garden,garden
sempr,sempre
noos,noose
rhyme,rhyme
agua,agua
wave,wave
mous,mouse
forgiven,forgiven
spoon,spoon
disast,disaster
uhhuh,uh-huh
shiver,shiver
wipe,wipe
tri,try
yeux,yeux
magic,magic
wasteland,wasteland
magia,magia
stiff,stiff
zeit,zeit
fur,fur
button,button
gettin,gettin'
michael,michael
eve,eve
mirar,mirar
race,race
déjame,déjame
iba,iba
stomp,stomp
marri,married
pleas,please
someday,someday
zo,zo
fortun,fortune
esté,estés
natur,nature
bug,bug
está,está
vela,vela
jump,jump
crook,crooked
annihil,annihilation
video,video
plead,plead
zu,zu
acid,acid
odd,odds
click,click
folk,folks
się,się
går,går
porqu,porque
compar,compare
chicago,chicago
wore,wore
slight,slightly
sonn,sonne
hardest,hardest
moan,moan
cell,cell
rotten,rotten
indian,indian
cancion,canciones
playa,playa
plug,plug
bird,bird
can,can
involv,involved
vibrat,vibration
led,led
chose,chose
despit,despite
rocknrol,rock'n'roll
sexi,sexy
warum,warum
whoo,whoo
punch,punch
kannst,kannst
sinn,sinn
swim,swim
quell,qu'elle
les,les
let,let
sink,sink
mnie,mnie
sing,sing
sind,sind
palac,palace
fifteen,fifteen
sinc,since
qued,quede
great,great
até,até
northern,northern
dell,delle
sangr,sangre
chant,chant
gent,gente
30,30
vacat,vacation
host,host
chao,chaos
sangu,sangue
fond,fond
cafe,cafe
veut,veut
earli,early
opinion,opinion
climb,climb
meer,meer
honor,honor
chanc,chance
control,control
wie,wie
danger,danger
shake,shake
win,win
sinä,sinä
emot,emotions
foundat,foundation
estamo,estamos
volt,volte
wit,wit
blah,blah
wir,wir
motor,motor
zijn,zijn
voy,voy
cloud,clouds
dejar,dejar
use,used
olvid,olvides
from,from
che,che
usa,usa
&,&
chi,chi
doubl,double
gern,gern
escond,esconde
flat,flat
next,next
dynamit,dynamite
few,few
doubt,doubt
kuin,kuin
toy,toy
clutch,clutch
sort,sort
don´t,don´t
dash,dash
clever,clever
babe,babe
bailando,bailando
porch,porch
babi,baby
caminho,caminho
memoria,memoria
fiend,fiend
impress,impress
stone,stone
posso,posso
trail,trail
train,train
losin,losin'
vuelta,vuelta
ok,ok
gambl,gamble
harvest,harvest
wretch,wretched
women,women
sont,sont
heur,heures
palabra,palabras
ace,ace
devant,devant
spi,spy
this,this
plan,plan
ride,ride
critic,critical
pour,pour
roar,roar
unreal,unreal
obvious,obvious
thin,thin
island,island
shook,shook
meet,meet
coffin,coffin
aliv,alive
sabe,sabes
masquerad,masquerade
qualquer,qualquer
od,od
tap,tap
bent,bent
plate,plate
process,process
lock,locked
weet,weet
rode,rode
loco,loco
high,high
vultur,vultures
tag,tag
bene,bene
taa,taas
slip,slip
tal,tal
tan,tan
martyr,martyr
skirt,skirt
crimin,criminal
rape,rape
cambio,cambio
lamb,lamb
lejo,lejos
surfac,surface
sip,sip
querert,quererte
sit,sit
vibe,vibe
alegría,alegría
six,six
tras,tras
río,río
mujer,mujer
sia,sia
ander,anders
sig,sig
forest,forest
sie,sie
dissolv,dissolve
instead,instead
tak,tak
panic,panic
sin,sin
sim,sim
stock,stock
fare,fare
altar,altar
klar,klar
inhal,inhale
evri,ev'ry
sir,sir
farm,farm
stop,stop
act,act
tief,tief
paralyz,paralyzed
canât,canât
wrist,wrist
attent,attention
ceil,ceiling
industri,industry
physic,physical
somethin,somethin'
assassin,assassin
tanta,tanta
bind,bind
isso,isso
lame,lame
robot,robot
element,elements
mami,mami
primera,primera
entiendo,entiendo
mainten,maintenant
allow,allow
lluvia,lluvia
ainda,ainda
batter,battered
tunnel,tunnel
steve,steve
mieux,mieux
weh,weh
standin,standin'
thigh,thighs
movi,movie
move,move
galaxi,galaxy
desper,desperate
pine,pine
dial,dial
volta,volta
hunter,hunter
stride,stride
bunch,bunch
perfect,perfect
siehst,siehst
le,le
outer,outer
till,till
chosen,chosen
lo,lo
ll,ll
fue,fue
lamp,lamp
li,li
mek,mek
muert,muerte
når,når
puerta,puerta
llega,llega
decad,decade
bye,bye
filthi,filthy
jukebox,jukebox
dad,dad
nadi,nadie
dag,dag
crash,crash
sword,sword
dal,dal
dam,dam
dan,dans
spell,spell
dah,dah
cover,cover
flew,flew
dat,dat
mention,mention
doch,doch
autr,autre
snake,snake
dar,dar
gritar,gritar
front,front
scatter,scattered
surviv,survive
cage,cage
day,day
strive,strive
billi,billy
somewher,somewhere
thrill,thrill
anyth,anything
feast,feast
morir,morir
poetri,poetry
slide,slide
polit,politics
truth,truth
shirt,shirt
kommt,kommt
beneath,beneath
sil,s'il
modo,modo
skate,skate
unwind,unwind
oui,oui
tot,tot
bueno,bueno
knive,knives
vien,viene
über,über
bump,bump
cett,cette
buena,buena
product,product
consum,consume
leavin,leavin'
static,static
tien,tiene
bay,bay
sexual,sexual
wander,wander
special,special
falta,falta
sient,siente
rey,rey
attend,attend
sentiment,sentimental
bag,bag
defend,defend
tuyo,tuyo
från,från
así,así
werden,werden
venom,venom
mate,mate
distract,distraction
cest,c'est
sever,severed
mata,mata
pledg,pledge
wick,wicked
charli,charlie
contigo,contigo
defens,defense
red,red
obsess,obsession
afford,afford
franc,france
shut,shut
await,awaits
insid,inside
southern,southern
cambia,cambia
tempo,tempo
templ,temple
où,où
que,que
york,york
x,x
viejo,viejo
anyhow,anyhow
molli,molly
bleed,bleed
camino,camino
demai,demais
etern,eternal
river,river
yard,yard
deserv,deserve
lone,lonely
guarante,guaranteed
enchant,enchanted
could,could
doy,doy
keep,keep
scari,scary
frent,frente
shred,shreds
chaqu,chaque
outsid,outside
mortal,mortal
jam,jam
scare,scared
south,south
mankind,mankind
frozen,frozen
blown,blown
ihr,ihr
seu,seu
sack,sack
echo,echo
date,date
dautr,d'autres
ihn,ihn
vielä,vielä
ihm,ihm
digniti,dignity
ses,ses
scent,scent
jamá,jamás
fella,fellas
booti,booty
long,long
glisten,glisten
los,los
unknown,unknown
habit,habit
realidad,realidad
tribe,tribe
messag,message
mal,mal
their,their
attack,attack
definit,definitely
ruin,ruin
termin,terminal
espejo,espejo
perché,perché
final,finally
boil,boiling
misunderstood,misunderstood
negra,negra
shell,shell
stomach,stomach
gear,gear
big,big
jesus,jesus
einem,einem
punish,punishment
quando,quando
shallow,shallow
negro,negro
biggest,biggest
maze,maze
sex,sex
herself,herself
shorti,shorty
blind,blind
practic,practice
steel,steel
nun,nun
photograph,photograph
bei,bei
ben,ben
tangl,tangled
bem,bem
rendezv,rendezvous
bother,bother
beg,beg
bed,bed
bee,bee
claim,claim
dai,dai
llevar,llevar
padr,padre
kissin,kissin'
becom,become
lover,lover
pedir,pedir
bare,bare
rate,rate
penetr,penetrate
steer,steer
perchè,perchè
tango,tango
inna,inna
clip,clip
terribl,terrible
journey,journey
niña,niña
acabar,acabar
sonho,sonho
voce,voce
crucifi,crucified
corrupt,corruption
oughta,oughta
blir,blir
faut,faut
rollin,rollin'
have,have
sen,sen
throat,throat
madr,madre
loos,loose
yuh,yuh
border,border
sem,sem
shes,shes
q,q
mij,mij
mim,mim
mil,mil
mio,mio
min,min
mia,mia
respirar,respirar
mic,mic
expos,exposed
mie,mie
you’r,you’re
mig,mig
einfach,einfach
cuatro,cuatro
mix,mix
unawar,unaware
aujourdhui,aujourd'hui
which,which
lindo,lindo
truck,truck
mis,mis
mir,mir
mit,mit
singl,single
vaya,vaya
lugar,lugar
tonight,tonight
unless,unless
limb,limbs
combat,combat
mut,mut
raindrop,raindrops
muev,mueve
who,who
salli,sally
whi,why
discov,discover
presid,president
hound,hound
fragment,fragments
hiphop,hip-hop
satan,satan
eight,eight
but,but
nous,nous
tranc,trance
class,class
outro,outro
landscap,landscape
stare,stare
prove,prove
stereo,stereo
urg,urge
están,están
skinni,skinny
gather,gather
stronger,stronger
sunris,sunrise
enää,enää
denk,denk
deni,deny
fiel,fiel
denn,denn
aquí,aquí
luci,lucy
hardcor,hardcore
coffe,coffee
wow,wow
fact,fact
bell,bells
affair,affair
juego,juego
dijo,dijo
entertain,entertain
frighten,frightened
weiter,weiter
mich,mich
anyway,anyway
dije,dije
brother,brother
más,más
bring,bring
passo,passo
niet,niet
empir,empire
bedroom,bedroom
slippin,slippin'
chicken,chicken
darkest,darkest
texa,texas
passa,passa
leg,legs
duck,duck
junto,junto
noit,noite
ha,ha
noir,noir
histoir,histoire
tire,tired
blowin,blowin'
illus,illusion
winner,winner
jar,jar
forev,forever
should,should
brighter,brighter
envi,envy
regga,reggae
suppos,supposed
jak,jak
tudo,tudo
pensar,pensar
fuel,fuel
jag,jag
piano,piano
local,local
hope,hope
meant,meant
workin,workin'
satisfact,satisfaction
vill,vill
familiar,familiar
dope,dope
disagre,disagree
ko,ko
fora,fora
beam,beam
bean,beans
rumbl,rumble
redeem,redeemed
tierra,tierra
ira,ira
increas,increase
leben,leben
sos,sos
lucki,lucky
endless,endless
gray,gray
viel,viel
cha,cha
organ,organ
h,h
possibl,possible
lala,lala
state,state
crow,crow
partir,partir
sha,sha
stuff,stuff
she,she
gran,gran
contain,contain
shi,shy
rein,rein
watchin,watchin'
hei,hei
view,view
toe,toes
perdido,perdido
solo,solo
prais,praise
bucket,bucket
frame,frame
pitch,pitch
apolog,apologize
dalla,dalla
disgust,disgust
powder,powder
stack,stack
joue,joue
jeden,jeden
closer,closer
contempl,contemplate
sehr,sehr
wire,wire
closet,closet
pui,puis
despu,despues
nuclear,nuclear
luz,luz
cruel,cruel
tend,tend
favor,favor
sublim,sublime
proof,proof
chemin,chemin
destini,destiny
spare,spare
progress,progress
neither,neither
lip,lips
même,même
junki,junkie
bought,bought
wollen,wollen
pipe,pipe
jos,jos
adió,adiós
jou,jou
merri,merry
amen,amen
joy,joy
sorrow,sorrow
notion,notion
där,där
então,então
entir,entire
joe,joe
key,key
disconnect,disconnected
precious,precious
souvenir,souvenirs
swift,swift
qual,qual
david,david
revers,reverse
drum,drum
ett,ett
weav,weave
joke,joke
despierto,despierto
la,la
equal,equal
drug,drugs
display,display
april,april
doorway,doorway
succeed,succeed
grain,grain
puls,pulse
passag,passage
ami,ami
swallow,swallow
darker,darker
afraid,afraid
glorious,glorious
aye,aye
comment,comment
vent,vent
ci,ci
jim,jim
co,co
author,authority
wall,wall
ca,ca
alla,alla
bis,bis
makin,makin'
ce,ce
walk,walk
reborn,reborn
solv,solve
laugh,laugh
cousin,cousin
respect,respect
oer,o'er
cansado,cansado
veux,veux
amigo,amigo
quit,quite
revolut,revolution
slowli,slowly
tread,tread
quis,quise
maid,maid
entend,entender
hoe,hoes
cent,cent
très,très
willi,willie
center,center
gaze,gaze
besid,beside
treat,treat
tv,tv
poet,poet
quil,qu'il
feather,feather
kitchen,kitchen
cheek,cheek
mike,mike
circus,circus
nickel,nickel
treasur,treasure
vom,vom
presenc,presence
face,face
protect,protect
meus,meus
señor,señor
siamo,siamo
hmm,hmm
lass,lass
mundo,mundo
bull,bull
ador,adore
general,general
present,present
questa,questa
brauch,brauch
holiday,holiday
heut,heute
comput,computer
plain,plain
harder,harder
as,as
will,will
defin,define
ar,ar
facil,facile
decept,deception
wild,wild
ku,ku
scene,scene
observ,observe
déjà,déjà
va,va
coz,coz
droit,droit
ve,ve
locura,locura
fondo,fondo
almost,almost
vi,vi
blood,blood
cultur,culture
morgen,morgen
fruit,fruit
lust,lust
girlfriend,girlfriend
lune,lune
motiv,motivation
vu,vu
raison,raison
thug,thug
partner,partner
clone,clone
mesmo,mesmo
halt,halt
tattoo,tattoo
uniti,unity
denial,denial
tas,t'as
welcom,welcome
parti,party
began,began
headlight,headlights
satisfi,satisfied
cross,cross
piu,piu'
handl,handle
cope,cope
dentro,dentro
auto,auto
underground,underground
easi,easy
about,about
cream,cream
nada,nada
womb,womb
tiempo,tiempo
ball,ball
slave,slave
siempr,siempre
dusk,dusk
pein,peine
comprend,comprender
tenga,tenga
drink,drink
upon,upon
effect,effect
cétait,c'était
romeo,romeo
beast,beast
vuelva,vuelvas
issu,issue
collid,collide
dust,dust
cigarett,cigarette
pourquoi,pourquoi
nation,nation
judgment,judgment
killer,killer
vuelvo,vuelvo
curv,curve
gutter,gutter
off,off
destino,destino
i,i
shotgun,shotgun
colour,colour
knowledg,knowledge
well,well
messiah,messiah
thought,thought
vet,vet
1,1
welt,welt
oft,oft
choos,choose
senza,senza
uno,uno
knight,knight
latest,latest
ny,n'y
distanc,distance
kiss,kiss
rocket,rocket
less,less
penso,penso
das,das
weekend,weekend
yall,y'all
mistaken,mistaken
gun,gun
momento,momento
já,já
perdu,perdu
tone,tone
paul,paul
glue,glue
papel,papel
distress,distress
web,web
quiero,quiero
weg,weg
wee,wee
devast,devastation
fellow,fellow
flee,flee
vida,vida
drunk,drunk
sky,sky
quiera,quiera
vide,vide
bullshit,bullshit
drew,drew
wer,wer
add,add
other,other
generat,generation
halo,halo
crack,crack
ohhh,ohhh
ley,ley
ought,ought
match,match
sich,sich
piel,piel
livin,livin'
fate,fate
rêves,rêves
admit,admit
haut,haut
piec,piece
llena,llena
historia,historia
cruz,cruz
ein,ein
five,five
know,know
unseen,unseen
desd,desde
paura,paura
realis,realise
tick,tick
infierno,infierno
betti,betty
loss,loss
like,like
lost,lost
incred,incredible
bibl,bible
corpor,corporate
clown,clown
bark,bark
chica,chica
cantando,cantando
heed,heed
lose,lose
chick,chick
juic,juice
soft,soft
page,page
candi,candy
taim,t'aime
shed,shed
pleur,pleure
captur,captured
mua,mua
matin,matin
thief,thief
hail,hail
recuerdo,recuerdo
hair,hair
homm,homme
daylight,daylight
får,får
reviv,revive
homi,homie
dizer,dizer
proper,proper
home,home
motivo,motivo
blade,blade
thiev,thieves
vraiment,vraiment
guid,guide
ess,esse
bet,bet
lead,lead
zwei,zwei
broad,broad
avoid,avoid
lean,lean
thank,thank
chapter,chapter
leap,leap
fountain,fountain
passion,passion
settl,settle
esa,esa
leau,l'eau
eso,eso
hunger,hunger
behav,behave
nake,naked
leader,leader
pued,puede
trap,trapped
birthday,birthday
peau,peau
puedo,puedo
obey,obey
worthi,worthy
pueda,pueda
ident,identity
bathroom,bathroom
parasit,parasite
singin,singin'
forgiv,forgive
glori,glory
although,although
instinct,instinct
despué,después
llama,llama
vengeanc,vengeance
swept,swept
stage,stage
throne,throne
cuerpo,cuerpo
sister,sister
quarter,quarter
rare,rare
knowin,knowin'
linger,linger
justic,justice
freedom,freedom
waist,waist
mä,mä
cleans,cleanse
thirti,thirty
courag,courage
chrome,chrome
fear,fear
swear,swear
hier,hier
sweat,sweat
avenu,avenue
fals,false
toma,toma
tomb,tomb
diablo,diablo
kann,kann
own,own
absolut,absolutely
societi,society
owe,owe
tight,tight
tortur,torture
perman,permanent
automat,automatic
luna,luna
weather,weather
lung,lungs
brush,brush
awhil,awhile
tristeza,tristeza
kinda,kinda
dug,dug
mere,mere
invad,invade
wollt,wollte
mississippi,mississippi
vai,vai
van,van
saben,saben
crave,crave
pictur,picture
personn,personne
esperando,esperando
aan,aan
spiral,spiral
feat,(feat.
threat,threat
appl,apple
tun,tun
inner,inner
también,también
ed,ed
var,var
vas,vas
quanto,quanto
stai,stai
mijn,mijn
buy,buy
north,north
noel,noel
innoc,innocent
tocar,tocar
bus,bus
brand,brand
deja,deja
wed,wedding
continu,continue
llevo,llevo
,
hi,hi
ho,ho
nut,nuts
whistl,whistle
grate,grateful
jai,j'ai
eas,ease
ear,ears
eat,eat
wherev,wherever
he,he
count,count
selfish,selfish
cu,cu
made,made
wise,wise
temp,temps
seit,seit
whether,whether
wish,wish
j,j
smooth,smooth
flip,flip
troubl,trouble
whoa,whoa
record,record
below,below
belov,beloved
limit,limit
hesit,hesitate
beau,beau
cake,cake
quizá,quizás
problem,problem
sein,sein
duro,duro
cmon,c'mon
pin,pin
int,inte
whisper,whisper
dure,during
gira,gira
pie,pie
dura,dura
pig,pig
twist,twist
cap,cap
jenni,jenny
mejor,mejor
ink,ink
manchmal,manchmal
penni,penny
pit,pit
happen,happen
beckon,beckon
alegria,alegria
groov,groove
coisa,coisa
lalala,lalala
menschen,menschen
seul,seul
boot,boots
cave,cave
40,40
saviour,saviour
book,book
seus,seus
futur,future
sick,sick
niemal,niemals
behold,behold
out,out
talkin,talkin'
reckless,reckless
adam,adam
fiesta,fiesta
genau,genau
junk,junk
repeat,repeat
star,stars
monday,monday
grito,grito
vega,vegas
june,june
jung,junge
guardo,guardo
reput,reputation
unser,unsere
stab,stab
attempt,attempt
ese,ese
throughout,throughout
basement,basement
veil,veil
humbl,humble
vein,veins
goin,goin'
ghost,ghost
–,–
sólo,sólo
4x,(4x)
pode,pode
aún,aún
jewel,jewels
sarà,sarà
rule,rules
paranoia,paranoia
vuoi,vuoi
fifti,fifty
raven,raven
là,là
lá,lá
allein,allein
yell,yell
at,at
confess,confess
sincer,sincere
richard,richard
